State,id,Year,Supportive Services,Congregate Meals,Home Meals,Preventive Services,NFCSP,Total Title III,pop60,pct_chng_pop60,pct_chng_title3
Alabama,1,2006,5403560,6068408,2871070,337809,2380884,17061731,839067,0.054723878,-0.008543558
Alabama,1,2007,5405429,6109149,2952575,337926,2381708,17186787,863708,0.028529318,0.00732962
Alabama,1,2008,5405127,6125517,3047238,333171,2366349,17277402,891680,0.031369998,0.005272364
Alabama,1,2009,5511235,6625002,3357241,333168,2388721,18215367,910042,0.020177091,0.054288544
Alabama,1,2010,5655995,6769708,3405044,333168,2394015,18557930,936431,0.0281804,0.018806264
Alabama,1,2011,5610623,6728841,3380743,332502,2386588,18439297,973051,0.037634204,-0.006392577
Alabama,1,2012,5571772,6686908,3373334,331874,2351563,18315451,989519,0.016642429,-0.006716417
Alabama,1,2013,5347830,6068408,3177759,312653,2220390,17127040,1013471,0.023633631,-0.064885708
Alabama,1,2014,5325874,6511955,3321462,311357,2206505,17677153,1044134,0.02936692,0.032119561
Alaska,2,2006,1746341,1919299,906082,106594,777878,5456194,71812,0.04915613,-0.00608098
Alaska,2,2007,1749360,1983727,936395,106779,779224,5555485,76195,0.05752346,0.01819785
Alaska,2,2008,1749717,2039714,962745,105130,762013,5619319,77608,0.018206886,0.011490266
Alaska,2,2009,1795942,2158368,1065886,105130,766492,5891818,81801,0.051258542,0.048493243
Alaska,2,2010,1830190,2190101,1081558,105130,766267,5973246,90709,0.098204147,0.013820522
Alaska,2,2011,1827011,2186289,1079676,104920,764933,5962829,96770,0.062633047,-0.001743943
Alaska,2,2012,1823319,2181871,1077497,104722,763390,5950799,103070,0.061123508,-0.002017499
Alaska,2,2013,1728330,2068203,1021362,98657,723620,5640172,104954,0.017950721,-0.052199209
Alaska,2,2014,1721234,2169045,1071165,98248,720651,5780343,110959,0.054119089,0.024852256
Arizona,4,2006,6573030,6567487,3492443,410919,2969325,20013204,1064491,0.058955877,-0.000219707
Arizona,4,2007,6671840,7169496,3691066,417051,2995882,20945335,1125255,0.054000204,0.046575801
Arizona,4,2008,6696182,7708885,3892555,405276,3116374,21819272,1176857,0.043847298,0.041724661
Arizona,4,2009,7186334,8638621,4377649,405273,3197875,23805752,1207891,0.025692716,0.091042451
Arizona,4,2010,7536954,9021043,4537425,405273,3287930,24788625,1242904,0.028170317,0.041287207
Arizona,4,2011,7448464,8932970,4488153,404463,3227992,24502042,1292431,0.038320808,-0.011561069
Arizona,4,2012,7406195,8888476,4483954,403699,3164166,24346490,1343024,0.037670957,-0.006348532
Arizona,4,2013,6505240,8135056,4296544,380319,3063358,22380517,1395446,0.037566484,-0.080749751
Arizona,4,2014,6478530,8895789,4537352,378742,3103554,23393967,1453606,0.040010842,0.045282689
Arkansas,5,2006,3500996,4163564,1823332,214532,1520865,11223289,529952,0.058252446,-0.00332005
Arkansas,5,2007,3502207,4191517,1874753,214606,1521391,11304474,548069,0.033056057,0.007233619
Arkansas,5,2008,3502011,4202747,1929289,211586,1510881,11356514,566878,0.033179979,0.004603487
Arkansas,5,2009,3510940,4215426,2125590,211585,1521777,11585318,567522,0.001134758,0.02014738
Arkansas,5,2010,3575124,4279096,2152310,211585,1523673,11741788,592581,0.04228789,0.013505887
Arkansas,5,2011,3543506,4249740,2135178,211162,1518422,11658008,604460,0.019652252,-0.0071352
Arkansas,5,2012,3502121,4203036,2120299,210763,1503924,11540143,611497,0.011507824,-0.010110218
Arkansas,5,2013,3464888,4163564,1995550,198557,1423632,11246191,628778,0.027483468,-0.025472128
Arkansas,5,2014,3450663,4163564,2068715,197733,1408847,11289522,642272,0.02100979,0.003852949
California,6,2006,34578882,34919214,18372773,2161730,15623593,105656192,5373476,0.049247638,-0.007239772
California,6,2007,34590840,36870829,18982185,2162479,15628998,108235331,5552435,0.032230724,0.024410675
California,6,2008,34588911,38533827,19457424,2132052,15360205,110072419,5744987,0.033516525,0.01697309
California,6,2009,35454106,42619031,21597330,2132032,15485835,117288334,5881977,0.023289788,0.065556068
California,6,2010,36448142,43625084,21942649,2132032,15564926,119712833,6149653,0.043527009,0.020671272
California,6,2011,36232873,43454221,21832514,2127762,15356773,119004143,6336481,0.029484504,-0.005919917
California,6,2012,36265662,43523886,21956423,2123744,15442307,119312022,6570920,0.035678261,0.002587128
California,6,2013,34222255,39623562,20927250,2000744,14711105,111484916,6810757,0.035214441,-0.065601989
California,6,2014,34081746,43228051,22048734,1992449,14702604,116053584,7089458,0.039312032,0.040980145
Colorado,8,2006,4154787,4151035,2207560,259740,1816354,12589476,682865,0.095441998,-0.005010247
Colorado,8,2007,4187942,4500322,2316898,261785,1826413,13093360,717314,0.048024993,0.040024223
Colorado,8,2008,4214645,4852531,2450256,256173,1812595,13586200,754624,0.049441841,0.037640453
Colorado,8,2009,4564582,5487038,2780574,256172,1847782,14936148,792557,0.047861542,0.099361705
Colorado,8,2010,4762294,5700029,2867014,256172,1863239,15448748,823655,0.037756099,0.034319424
Colorado,8,2011,4862516,5831634,2929963,255659,1902436,15782208,862622,0.045172741,0.021584921
Colorado,8,2012,4885597,5863402,2957901,255177,1926424,15888501,901679,0.043315859,0.006734989
Colorado,8,2013,4111937,5410449,2857538,240398,1856698,14477020,953274,0.054123998,-0.088836637
Colorado,8,2014,4095054,5978941,3049595,239401,1878721,15241712,998824,0.04560363,0.052821092
Connecticut,9,2006,4404337,5241452,2250669,264812,2036897,14198167,639905,0.04965112,-0.001693122
Connecticut,9,2007,4405860,5276641,2304499,264904,2037602,14289506,651439,0.017705418,0.006433154
Connecticut,9,2008,4405614,5290778,2319984,261176,1889033,14166585,667161,0.023565526,-0.008602187
Connecticut,9,2009,4416847,5306740,2544147,261174,1867650,14396558,682953,0.023123114,0.016233482
Connecticut,9,2010,4414911,5278429,2542112,261174,1828019,14324645,716693,0.04707734,-0.004995152
Connecticut,9,2011,4404337,5241452,2533609,260652,1821050,14261100,730425,0.018800014,-0.004436061
Connecticut,9,2012,4404337,5241452,2564007,260160,1874713,14344669,745269,0.01991764,0.005859927
Connecticut,9,2013,4358913,5241452,2402675,245092,1749484,13997616,761671,0.021534232,-0.024193866
Connecticut,9,2014,4341017,5241452,2498252,244076,1721520,14046317,775540,0.017883023,0.003479235
Delaware,10,2006,1746341,1919299,906082,106594,777878,5456194,158690,0.072525049,-0.00608098
Delaware,10,2007,1749360,1983727,936395,106779,779224,5555485,164222,0.033686108,0.01819785
Delaware,10,2008,1749717,2039714,962745,105130,762013,5619319,171412,0.041945721,0.011490266
Delaware,10,2009,1795942,2158368,1065886,105130,766492,5891818,176627,0.029525497,0.048493243
Delaware,10,2010,1830190,2190101,1081558,105130,766267,5973246,180482,0.021359471,0.013820522
Delaware,10,2011,1827011,2186289,1079676,104920,764933,5962829,192762,0.063705502,-0.001743943
Delaware,10,2012,1823319,2181871,1077497,104722,763390,5950799,195095,0.011958277,-0.002017499
Delaware,10,2013,1728330,2068203,1021362,98657,723620,5640172,206670,0.056007161,-0.052199209
Delaware,10,2014,1721234,2169045,1071165,98248,720651,5780343,209572,0.01384727,0.024852256
District of Columbia,11,2006,1746341,1919299,906082,106594,777878,5456194,97668,0.118032518,-0.00608098
District of Columbia,11,2007,1749360,1983727,936395,106779,779224,5555485,95839,-0.019084089,0.01819785
District of Columbia,11,2008,1749717,2039714,962745,105130,762013,5619319,99856,0.040227928,0.011490266
District of Columbia,11,2009,1795942,2158368,1065886,105130,766492,5891818,101395,0.015178263,0.048493243
District of Columbia,11,2010,1830190,2190101,1081558,105130,766267,5973246,100789,-0.006012561,0.013820522
District of Columbia,11,2011,1827011,2186289,1079676,104920,764933,5962829,101536,0.007356997,-0.001743943
District of Columbia,11,2012,1823319,2181871,1077497,104722,763390,5950799,104618,0.029459558,-0.002017499
District of Columbia,11,2013,1728330,2068203,1021362,98657,723620,5640172,106031,0.013326291,-0.052199209
District of Columbia,11,2014,1721234,2169045,1071165,98248,720651,5780343,107162,0.010554114,0.024852256
Florida,12,2006,25261848,25239035,13422360,1579267,12179170,77681680,3968253,0.048534204,-0.014507148
Florida,12,2007,25270584,27155334,13980363,1579814,12183384,80169479,4093897,0.030690562,0.032025556
Florida,12,2008,25269175,28526170,14404118,1557582,12254399,82011444,4207904,0.027093536,0.022975888
Florida,12,2009,26072475,31341465,15882387,1557571,12409192,87263090,4262273,0.01275587,0.064035527
Florida,12,2010,26729390,31992629,16091728,1557571,12466239,88837557,4411301,0.033783231,0.01804276
Florida,12,2011,26238773,31468259,15810460,1554456,12255674,87327622,4538152,0.027952127,-0.016996584
Florida,12,2012,26219739,31467368,15874292,1551522,12070518,87183439,4695424,0.033494739,-0.001651058
Florida,12,2013,25001310,28468480,15035675,1461664,11527293,81494422,4829142,0.027689805,-0.065253414
Florida,12,2014,24898663,30962559,15792643,1455604,11546017,84655486,5030334,0.039995754,0.038788716
Georgia,13,2006,7909229,7902087,4202405,494452,3312586,23820759,1302053,0.101760067,-0.00333433
Georgia,13,2007,7976790,8571783,4413005,498623,3331292,24791493,1374819,0.052927694,0.040751598
Georgia,13,2008,8140740,9372838,4732758,487663,3407589,26141588,1433263,0.040776885,0.054457995
Georgia,13,2009,8752179,10520908,5331504,487659,3474146,28566396,1480912,0.032175443,0.092756722
Georgia,13,2010,9120376,10916254,5490683,487659,3507709,29522681,1545945,0.042066826,0.033475871
Georgia,13,2011,9194575,11027088,5540292,486684,3567093,29815732,1605660,0.037190314,0.0099263
Georgia,13,2012,9116311,10940853,5519314,485765,3547261,29609504,1661496,0.033605859,-0.006916751
Georgia,13,2013,7827657,10014735,5289299,457632,3418391,27007714,1722429,0.035376204,-0.087870097
Georgia,13,2014,7795519,10973199,5596948,455734,3455065,28276465,1803128,0.044755004,0.046977356
Hawaii,15,2006,1746341,1940597,906082,106594,777878,5477492,243893,0.051448791,-0.004538511
Hawaii,15,2007,1749360,1983727,936395,106779,779224,5555485,252030,0.032285839,0.014238816
Hawaii,15,2008,1749717,2039714,962745,105130,762013,5619319,259184,0.027602012,0.011490266
Hawaii,15,2009,1795942,2158368,1065886,105130,766492,5891818,263104,0.014899051,0.048493243
Hawaii,15,2010,1830190,2190101,1081558,105130,766267,5973246,283387,0.071573502,0.013820522
Hawaii,15,2011,1827011,2186289,1079676,104920,764933,5962829,290541,0.024623031,-0.001743943
Hawaii,15,2012,1823319,2181871,1077497,104722,763390,5950799,299691,0.030531447,-0.002017499
Hawaii,15,2013,1728330,2068203,1021362,98657,723620,5640172,304708,0.016464943,-0.052199209
Hawaii,15,2014,1721234,2169045,1071165,98248,720651,5780343,316555,0.037424776,0.024852256
Idaho,16,2006,1746341,1930797,906082,106594,777878,5467692,236145,0.074411908,-0.004544615
Idaho,16,2007,1749360,1983727,936395,106779,779224,5555485,247215,0.044778836,0.016056684
Idaho,16,2008,1749717,2039714,962745,105130,762013,5619319,256277,0.035360177,0.011490266
Idaho,16,2009,1795942,2158368,1065886,105130,766492,5891818,266699,0.039077762,0.048493243
Idaho,16,2010,1830190,2190101,1081558,105130,766267,5973246,280677,0.049801017,0.013820522
Idaho,16,2011,1827011,2186289,1079676,104920,764933,5962829,290333,0.033258362,-0.001743943
Idaho,16,2012,1823319,2181871,1077497,104722,763390,5950799,306721,0.053429664,-0.002017499
Idaho,16,2013,1728330,2068203,1021362,98657,723620,5640172,317748,0.034703602,-0.052199209
Idaho,16,2014,1721234,2169045,1071165,98248,720651,5780343,334722,0.050710739,0.024852256
Illinois,17,2006,14524890,17286541,7248698,852878,6239999,46153006,2075063,0.051918906,-0.003983547
Illinois,17,2007,14529913,17402597,7425296,853173,6242158,46453137,2130926,0.026215364,0.006502957
Illinois,17,2008,14529103,17449222,7546156,841167,6021526,46387174,2172199,0.019000561,-0.00141999
Illinois,17,2009,14566145,17501863,8286262,841161,6001247,47196678,2237082,0.029003407,0.017451031
Illinois,17,2010,14559760,17408492,8336107,841161,5948072,47093592,2277928,0.017931208,-0.002184179
Illinois,17,2011,14524890,17286541,8295464,839479,5908033,46854407,2358459,0.034145601,-0.005078929
Illinois,17,2012,14524890,17286541,8216052,837894,5898667,46764044,2411564,0.022020979,-0.001928591
Illinois,17,2013,14375088,17286541,7751933,789367,5540545,45743474,2470385,0.023810459,-0.021823818
Illinois,17,2014,14316068,17286541,8082580,786094,5472900,45944183,2534142,0.025159206,0.004387708
Indiana,18,2006,6927395,8105861,3680728,433072,3164168,22311224,1065690,0.06532669,-0.008470733
Indiana,18,2007,6929791,8160281,3776073,433222,3165263,22464630,1093632,0.025549728,0.006875732
Indiana,18,2008,6929404,8182144,3872284,427125,3059811,22470768,1133682,0.035327367,0.00027323
Indiana,18,2009,7018309,8436640,4275294,427123,3066134,23223500,1157663,0.020715009,0.033498277
Indiana,18,2010,7178800,8592366,4321809,427123,3054571,23574669,1193887,0.03034123,0.015121278
Indiana,18,2011,7165491,8593601,4317645,426268,3059403,23562408,1226943,0.026941757,-0.000520092
Indiana,18,2012,7109911,8532891,4304574,425464,3054144,23426984,1265765,0.03067078,-0.00574746
Indiana,18,2013,6855949,8105861,4062628,400823,2878077,22303338,1295254,0.022766963,-0.04796375
Indiana,18,2014,6827801,8320826,4244089,399161,2849523,22641400,1330640,0.026593218,0.015157462
Iowa,19,2006,4260878,5081501,2001426,235487,1834304,13413596,574144,0.066110592,-0.005613405
Iowa,19,2007,4262351,5115616,2049122,235569,1834939,13497597,580921,0.011665958,0.006262377
Iowa,19,2008,4262114,5129322,2074946,232253,1761702,13460337,596294,0.025780907,-0.002760491
Iowa,19,2009,4272980,5144796,2272276,232252,1760734,13683038,600639,0.007233962,0.01654498
Iowa,19,2010,4271107,5117349,2283552,232252,1740403,13644663,629925,0.046491249,-0.002804567
Iowa,19,2011,4260878,5081501,2243404,231787,1707953,13525523,644081,0.021978602,-0.008731619
Iowa,19,2012,4260878,5081501,2243949,231350,1723829,13541507,655489,0.017403801,0.001181766
Iowa,19,2013,4216933,5081501,2105057,217951,1607487,13228929,669866,0.021462501,-0.023082955
Iowa,19,2014,4199620,5081501,2193513,217047,1577341,13269022,682528,0.01855162,0.003030706
Kansas,20,2006,3432908,4089903,1651950,194367,1505054,10874182,476582,0.07085874,-0.003496867
Kansas,20,2007,3434095,4117361,1695709,194434,1505575,10947174,487963,0.02332349,0.006712413
Kansas,20,2008,3433904,4128392,1729397,191698,1437583,10920974,500789,0.025611585,-0.002393312
Kansas,20,2009,3442659,4140847,1901319,191697,1430357,11106879,510722,0.019448937,0.017022749
Kansas,20,2010,3441149,4118756,1920469,191697,1418364,11090435,531662,0.039385926,-0.001480524
Kansas,20,2011,3432908,4089903,1895162,191313,1392604,11001890,539962,0.015371452,-0.007983907
Kansas,20,2012,3432908,4089903,1895772,190952,1408146,11017681,552730,0.023099886,0.001435299
Kansas,20,2013,3397503,4089903,1788240,179893,1320014,10775553,572167,0.033970851,-0.021976312
Kansas,20,2014,3383554,4089903,1863836,179147,1295632,10812072,589903,0.03006596,0.00338906
Kentucky,21,2006,4741271,5570252,2519176,296405,2061344,15188448,740978,0.064505289,-0.007792661
Kentucky,21,2007,4742911,5607649,2595660,296508,2062057,15304785,764843,0.031202482,0.007659571
Kentucky,21,2008,4742646,5622673,2683097,292335,2052177,15392928,794526,0.037359382,0.005759179
Kentucky,21,2009,4892022,5880652,2980039,292333,2070600,16115646,808514,0.017300875,0.046951301
Kentucky,21,2010,5039351,6031641,3033809,292333,2082732,16479866,828376,0.023977035,0.022600397
Kentucky,21,2011,4989594,5984038,3006534,291748,2069945,16341859,861769,0.038749363,-0.008374279
Kentucky,21,2012,4946975,5937065,2995061,291198,2059860,16230159,877375,0.017787149,-0.006835208
Kentucky,21,2013,4692372,5570252,2830077,274333,1950378,15317412,905504,0.031064468,-0.056237712
Kentucky,21,2014,4673107,5791780,2954133,273195,1935102,15627317,921666,0.017535637,0.020232204
Louisiana,22,2006,4795898,5645998,2548201,299820,2128797,15418714,722289,0.026654151,-0.010077825
Louisiana,22,2007,4797556,5683903,2618847,299924,2129533,15529763,729608,0.010031414,0.007202222
Louisiana,22,2008,4797289,5699132,2596462,295703,2008472,15397058,767684,0.049598533,-0.008545204
Louisiana,22,2009,4809520,5716325,2824249,295701,1987302,15633097,786621,0.024073855,0.015330136
Louisiana,22,2010,4819982,5769076,2901744,295701,2008607,15795110,803149,0.020578996,0.010363462
Louisiana,22,2011,4838530,5802867,2915509,295110,2025081,15877097,835638,0.038879275,0.005190657
Louisiana,22,2012,4795898,5734142,2892693,294553,1991274,15708560,858380,0.026494094,-0.010615102
Louisiana,22,2013,4746436,5645998,2744355,277493,1887778,15302060,873802,0.017649307,-0.025877611
Louisiana,22,2014,4726948,5645998,2872528,276343,1874587,15396404,904815,0.034275515,0.006165444
Maine,23,2006,1746341,1996153,907706,106800,789890,5546890,262269,0.048610396,-0.003355634
Maine,23,2007,1749360,2009554,941197,106837,790163,5597111,272068,0.036016731,0.009053902
Maine,23,2008,1749717,2039714,962745,105334,762013,5619523,280870,0.031338342,0.004004209
Maine,23,2009,1795942,2158368,1065886,105333,766492,5892021,289864,0.031028344,0.048491304
Maine,23,2010,1830190,2190101,1081558,105333,766267,5973449,305130,0.050031134,0.013820046
Maine,23,2011,1827011,2186289,1079676,105122,764933,5963031,313929,0.028028631,-0.001744051
Maine,23,2012,1823319,2181871,1086279,104924,766439,5962832,319703,0.018060512,-3.33723E-05
Maine,23,2013,1728330,2068203,1028376,98847,723620,5647376,333456,0.041243822,-0.052903721
Maine,23,2014,1721234,2169045,1081160,98437,720651,5790527,341152,0.022558859,0.025348233
Maryland,24,2006,5857438,5893683,3112229,366183,2576617,17806150,906755,0.052641562,-0.007965459
Maryland,24,2007,5859464,6259372,3222508,366310,2577508,18285162,938888,0.034224529,0.026901492
Maryland,24,2008,5859137,6511918,3288153,361155,2498111,18518474,960910,0.022917859,0.012759635
Maryland,24,2009,5978676,7186907,3641988,361152,2508352,19677075,996176,0.035401375,0.062564604
Maryland,24,2010,6134814,7342810,3693304,361152,2501853,20033933,1034914,0.03743113,0.018135724
Maryland,24,2011,6149883,7375577,3705679,360430,2509470,20101039,1070527,0.033266793,0.003349617
Maryland,24,2012,6117674,7342067,3703841,359750,2524149,20047481,1110167,0.03570634,-0.002664439
Maryland,24,2013,5797027,6666347,3520842,338915,2398426,18721557,1140088,0.026244465,-0.066139182
Maryland,24,2014,5773227,7244786,3695248,337509,2396329,19447099,1171841,0.027096679,0.038754362
Massachusetts,25,2006,8209095,9780267,4011142,471949,3672209,26144662,1161333,0.07038033,-0.003992387
Massachusetts,25,2007,8211934,9845928,4090789,472112,3673479,26294242,1181810,0.017326812,0.005721244
Massachusetts,25,2008,8211476,9872307,4185641,465469,3448637,26183530,1213380,0.02601823,-0.004210504
Massachusetts,25,2009,8232411,9902090,4603113,465465,3412029,26615108,1254796,0.033006162,0.016482804
Massachusetts,25,2010,8228803,9849264,4624607,465465,3353928,26522067,1293667,0.030047145,-0.003495796
Massachusetts,25,2011,8209095,9780267,4663308,464535,3356283,26473488,1304385,0.008216899,-0.001831645
Massachusetts,25,2012,8209095,9780267,4599080,463658,3349110,26401210,1353759,0.03647178,-0.002730203
Massachusetts,25,2013,8124430,9780267,4339413,436805,3135868,25816783,1382154,0.02054402,-0.022136372
Massachusetts,25,2014,8091074,9780267,4540013,434993,3099001,25945348,1429054,0.032818914,0.0049799
Michigan,26,2006,11255715,12926499,5980491,703661,5157634,36024000,1726673,0.046831682,-0.009209287
Michigan,26,2007,11259607,13013283,6143237,703905,5159418,36279450,1783958,0.032111182,0.007091106
Michigan,26,2008,11258980,13048148,6274551,693999,4931038,36206716,1815177,0.017198874,-0.002004826
Michigan,26,2009,11376983,13676158,6930437,693994,4936669,37614241,1876583,0.03272224,0.038874694
Michigan,26,2010,11593775,13876686,6979729,693994,4878303,38022487,1939467,0.032423341,0.010853496
Michigan,26,2011,11646647,13967867,7017815,692606,4908737,38233672,1996985,0.02880242,0.005554213
Michigan,26,2012,11516437,13821341,6972430,691299,4947620,37949127,2054208,0.027856478,-0.007442262
Michigan,26,2013,11139629,12926499,6584877,651262,4652840,35955107,2105203,0.024223317,-0.052544555
Michigan,26,2014,11093893,13524083,6898042,648562,4618195,36782775,2173764,0.031540222,0.023019484
Minnesota,27,2006,5499667,6398439,2922134,343817,2564397,17728454,851910,0.069224449,-0.008654203
Minnesota,27,2007,5501569,6441396,3014574,343936,2565284,17866759,877636,0.029312836,0.007801301
Minnesota,27,2008,5501262,6458654,3088552,339096,2471420,17858984,906479,0.031818718,-0.000435166
Minnesota,27,2009,5609504,6743129,3417102,339094,2478709,18587538,936208,0.031754696,0.040794818
Minnesota,27,2010,5741350,6871870,3456429,339094,2461149,18869892,972373,0.037192518,0.0151905
Minnesota,27,2011,5783935,6936695,3485174,338416,2496717,19040937,1004734,0.032208525,0.00906444
Minnesota,27,2012,5744649,6894385,3477999,337777,2521552,18976362,1039352,0.033307291,-0.003391377
Minnesota,27,2013,5442946,6398439,3309491,318214,2390107,17859197,1072508,0.030914455,-0.0588714
Minnesota,27,2014,5420599,6834789,3486126,316895,2374116,18432525,1105223,0.029600361,0.032102675
Mississippi,28,2006,3272711,3891114,1691196,198985,1399315,10453321,494756,0.060563187,-0.003584716
Mississippi,28,2007,3273843,3917238,1745540,199054,1399799,10535474,501790,0.014017816,0.007859034
Mississippi,28,2008,3273660,3927733,1790517,196253,1389875,10578038,514575,0.024845746,0.004040065
Mississippi,28,2009,3282007,3939582,1957399,196251,1390319,10765558,525392,0.020588437,0.017727295
Mississippi,28,2010,3284196,3930881,1977164,196251,1388506,10776998,545453,0.036778604,0.001062648
Mississippi,28,2011,3272711,3897686,1958298,195859,1387772,10712326,558175,0.022792135,-0.006000929
Mississippi,28,2012,3272711,3891114,1954691,195489,1363666,10677671,572479,0.024986069,-0.003235058
Mississippi,28,2013,3238958,3891114,1841271,184167,1286333,10441843,587398,0.025398452,-0.02208609
Mississippi,28,2014,3225660,3891114,1925602,183404,1281036,10506816,599028,0.019414785,0.006222369
Missouri,29,2006,7118429,8467047,3647365,429147,3155499,22817487,1052540,0.058433884,-0.002269148
Missouri,29,2007,7120891,8523892,3751775,429296,3156591,22982445,1091857,0.036009294,0.007229455
Missouri,29,2008,7120494,8546729,3828941,423254,3053406,22972824,1106070,0.01285,-0.000418624
Missouri,29,2009,7138648,8572513,4213292,423251,3053274,23400978,1144847,0.033870902,0.018637413
Missouri,29,2010,7135518,8526779,4253437,423251,3035089,23374074,1181165,0.030747609,-0.001149696
Missouri,29,2011,7118429,8467047,4251524,422405,3040466,23299871,1209180,0.023168594,-0.003174586
Missouri,29,2012,7118429,8467047,4231795,421608,3049893,23288772,1236910,0.022418769,-0.000476355
Missouri,29,2013,7045013,8467047,3986638,397190,2877048,22772936,1274632,0.029594424,-0.022149558
Missouri,29,2014,7016089,8467047,4155738,395543,2850250,22884667,1303066,0.021820844,0.004906306
Montana,30,2006,1746341,1919299,906082,106594,777878,5456194,180365,0.046333823,-0.00608098
Montana,30,2007,1749360,1983727,936395,106779,779224,5555485,181496,0.006231542,0.01819785
Montana,30,2008,1749717,2039714,962745,105130,762013,5619319,191151,0.050509806,0.011490266
Montana,30,2009,1795942,2158368,1065886,105130,766492,5891818,201809,0.052812313,0.048493243
Montana,30,2010,1830190,2190101,1081558,105130,766267,5973246,211698,0.04671277,0.013820522
Montana,30,2011,1827011,2186289,1079676,104920,764933,5962829,217134,0.025035232,-0.001743943
Montana,30,2012,1823319,2181871,1077497,104722,763390,5950799,228430,0.049450598,-0.002017499
Montana,30,2013,1728330,2068203,1021362,98657,723620,5640172,234073,0.024107864,-0.052199209
Montana,30,2014,1721234,2169045,1071165,98248,720651,5780343,241643,0.031327206,0.024852256
Nebraska,31,2006,2294938,2738802,1076330,126640,988847,7225557,308200,0.04206684,-0.003989662
Nebraska,31,2007,2295732,2757189,1106817,126684,989189,7275611,317279,0.028615194,0.006927355
Nebraska,31,2008,2295604,2764576,1125776,124901,947163,7258020,325669,0.025762354,-0.002417804
Nebraska,31,2009,2301456,2772917,1235779,124900,945715,7380767,331692,0.018158412,0.016911913
Nebraska,31,2010,2300448,2758123,1246551,124900,939403,7369425,345931,0.041161388,-0.001536697
Nebraska,31,2011,2294938,2738802,1227879,124650,919551,7305820,354739,0.024829523,-0.008630931
Nebraska,31,2012,2294938,2738802,1235914,124415,933179,7327248,362670,0.021868365,0.002933004
Nebraska,31,2013,2271269,2738802,1165501,117210,871922,7164704,373352,0.028611069,-0.022183499
Nebraska,31,2014,2261944,2738802,1217228,116724,855735,7190433,378569,0.013780843,0.003591076
Nevada,32,2006,2461387,2459165,1307807,153876,991742,7373977,396998,0.039597177,0.017462914
Nevada,32,2007,2504601,2691420,1385622,156561,1012043,7750247,419609,0.053885879,0.051026739
Nevada,32,2008,2480939,2856428,1442336,151763,1014848,7946314,434145,0.033481901,0.025298161
Nevada,32,2009,2657189,3194181,1618661,151762,1035492,8657285,445513,0.025516652,0.089471798
Nevada,32,2010,2749585,3291001,1655315,151762,1048359,8896022,487730,0.086558137,0.027576428
Nevada,32,2011,2755306,3304449,1660240,151459,1066391,8937845,499313,0.023197874,0.004701315
Nevada,32,2012,2835544,3403051,1716732,151173,1095922,9202422,512724,0.026156373,0.029601878
Nevada,32,2013,2436001,3109985,1642544,142417,1064959,8395906,540128,0.050736122,-0.08764171
Nevada,32,2014,2426000,3420814,1744807,141827,1087045,8820493,565952,0.045629311,0.050570719
New Hampshire,33,2006,1746341,1932677,906082,106594,777878,5469572,230035,0.079774817,-0.004543423
New Hampshire,33,2007,1749360,1983727,936395,106779,779224,5555485,235947,0.025056475,0.015707445
New Hampshire,33,2008,1749717,2039714,962745,105130,762013,5619319,246629,0.043312019,0.011490266
New Hampshire,33,2009,1795942,2158368,1065886,105130,766492,5891818,254044,0.029187857,0.048493243
New Hampshire,33,2010,1830190,2190101,1081558,105130,766267,5973246,262280,0.031401556,0.013820522
New Hampshire,33,2011,1827011,2186289,1079676,104920,764933,5962829,273451,0.040851926,-0.001743943
New Hampshire,33,2012,1823319,2181871,1077497,104722,763390,5950799,281527,0.028686414,-0.002017499
New Hampshire,33,2013,1728330,2068203,1021362,98657,723620,5640172,292264,0.036737333,-0.052199209
New Hampshire,33,2014,1721234,2169045,1071165,98248,720651,5780343,303353,0.036554773,0.024852256
New Jersey,34,2006,10262972,12190488,5350993,629595,4758725,33192773,1539180,0.044737458,-0.005182509
New Jersey,34,2007,10266521,12272331,5471923,629813,4760371,33400959,1571425,0.020519592,0.006272028
New Jersey,34,2008,10265949,12305211,5556113,620950,4461841,33210064,1601288,0.018649362,-0.005715255
New Jersey,34,2009,10292122,12342333,6090428,620946,4425545,33771374,1629945,0.017581575,0.016901804
New Jersey,34,2010,10287611,12276488,6096854,620946,4365417,33647316,1668968,0.023381515,-0.003673466
New Jersey,34,2011,10262972,12190488,6073137,619704,4364136,33510437,1713854,0.026190096,-0.004068051
New Jersey,34,2012,10262972,12190488,6019557,618534,4381530,33473081,1762337,0.027510629,-0.001114757
New Jersey,34,2013,10157125,12190488,5650333,582711,4097131,32677788,1789920,0.015410186,-0.023759181
New Jersey,34,2014,10115423,12190488,5884229,580295,4044765,32815200,1843602,0.029117998,0.004205058
New Mexico,35,2006,2066188,2064322,1097826,129169,902850,6260355,331269,0.049551875,-0.002317806
New Mexico,35,2007,2075222,2230014,1148077,129721,905555,6488589,345476,0.041122972,0.036457038
New Mexico,35,2008,2066787,2338742,1180934,127395,918239,6632097,362690,0.04746202,0.022116981
New Mexico,35,2009,2169925,2608445,1321837,127394,942470,7170071,376212,0.035942501,0.081116727
New Mexico,35,2010,2249693,2692676,1354369,127394,959260,7383392,401682,0.063408368,0.029751588
New Mexico,35,2011,2237028,2682876,1347946,127140,944416,7339406,407445,0.01414424,-0.005957424
New Mexico,35,2012,2298174,2758132,1391391,126899,949699,7524295,422681,0.036046096,0.025191276
New Mexico,35,2013,2044878,2511415,1326408,119550,909221,6911472,435142,0.028636629,-0.081445903
New Mexico,35,2014,2036483,2727494,1391175,119055,908751,7182958,449138,0.031161915,0.039280489
New York,36,2006,24283431,28963855,11862865,1395778,10367663,76873592,3415729,0.053206504,-0.004165469
New York,36,2007,24291828,29158308,12183828,1396261,10371250,77401475,3498174,0.02356801,0.006866897
New York,36,2008,24290474,29236429,12382202,1376612,9933860,77219577,3614326,0.032136559,-0.002350059
New York,36,2009,24352403,29324630,13605956,1376603,9932045,78591637,3673603,0.01613593,0.017768292
New York,36,2010,24341729,29168186,13782442,1376603,9906970,78575930,3699912,0.00711071,-0.000199856
New York,36,2011,24283431,28963855,13639815,1373850,9759795,78020746,3775014,0.019894496,-0.007065573
New York,36,2012,24283431,28963855,13307414,1371257,9679695,77605652,3887476,0.02892931,-0.005320303
New York,36,2013,24032984,28963855,12498399,1291839,9063268,75850345,3965557,0.019689794,-0.022618288
New York,36,2014,23934312,28963855,13027753,1286483,8956618,76169021,4054089,0.021837705,0.004201378
North Carolina,37,2006,9368926,9360466,4977985,585707,4110286,28403370,1493958,0.082175001,-0.009085019
North Carolina,37,2007,9372166,10066733,5182650,585910,4131012,29338471,1576712,0.052485172,0.032922185
North Carolina,37,2008,9371643,10773822,5440176,577665,4123430,30286736,1620312,0.026908398,0.032321555
North Carolina,37,2009,9988771,12007403,6084790,577661,4171739,32830364,1708334,0.051525053,0.083984884
North Carolina,37,2010,10329835,12363865,6218806,577661,4188342,33678509,1782447,0.041579357,0.025834164
North Carolina,37,2011,10484174,12573709,6317354,576505,4306356,34258098,1840328,0.031451459,0.017209461
North Carolina,37,2012,10572477,12688457,6400925,575417,4360720,34597996,1908861,0.035902562,0.009921683
North Carolina,37,2013,9272300,11542567,6096226,542091,4166899,31620083,1975053,0.033514037,-0.086071835
North Carolina,37,2014,9234231,12616135,6434937,539844,4195336,33020483,2035198,0.029552407,0.044288309
North Dakota,38,2006,1746341,1919299,906082,106594,777878,5456194,121546,0.064321327,-0.00608098
North Dakota,38,2007,1749360,1983727,936395,106779,779224,5555485,122461,0.007471767,0.01819785
North Dakota,38,2008,1749717,2039714,962745,105130,762013,5619319,124434,0.015855795,0.011490266
North Dakota,38,2009,1795942,2158368,1065886,105130,766492,5891818,130437,0.046022218,0.048493243
North Dakota,38,2010,1830190,2190101,1081558,105130,766267,5973246,134402,0.029501049,0.013820522
North Dakota,38,2011,1827011,2186289,1079676,104920,764933,5962829,138703,0.031008702,-0.001743943
North Dakota,38,2012,1823319,2181871,1077497,104722,763390,5950799,142762,0.028431936,-0.002017499
North Dakota,38,2013,1728330,2068203,1021362,98657,723620,5640172,142660,-0.000714987,-0.052199209
North Dakota,38,2014,1721234,2169045,1071165,98248,720651,5780343,147423,0.032308391,0.024852256
Ohio,39,2006,13816810,16393785,7203180,847522,6301572,44562869,2060785,0.05333453,-0.006510925
Ohio,39,2007,13821588,16503847,7349046,847816,6303752,44826049,2112680,0.024563587,0.005905814
Ohio,39,2008,13820818,16548064,7459637,835885,6040212,44704616,2165387,0.024340684,-0.002708983
Ohio,39,2009,13856054,16597987,8207423,835879,6013361,45510704,2239516,0.033100456,0.018031427
Ohio,39,2010,13849980,16509438,8269111,835879,5957778,45422186,2298658,0.025728925,-0.001944993
Ohio,39,2011,13816810,16533997,8307104,834207,5990792,45482910,2364096,0.027679925,0.00133688
Ohio,39,2012,13816810,16393785,8262220,832633,5998353,45303801,2423603,0.024553114,-0.003937941
Ohio,39,2013,13674310,16393785,7783568,784410,5629924,44265997,2467473,0.017779323,-0.022907658
Ohio,39,2014,13618168,16393785,8110984,781158,5551309,44455404,2526094,0.023206183,0.004278837
Oklahoma,40,2006,4278286,5080736,2218398,261015,1874664,13713099,642346,0.061521361,-0.002814032
Oklahoma,40,2007,4279765,5114846,2283875,261105,1875313,13814904,663448,0.031806562,0.007423924
Oklahoma,40,2008,4279527,5128550,2334101,257431,1840343,13839952,674646,0.016598335,0.001813114
Oklahoma,40,2009,4290438,5144022,2572440,257429,1846777,14111106,687892,0.01925593,0.01959212
Oklahoma,40,2010,4311211,5160125,2595452,257429,1841367,14165584,715232,0.038225359,0.003860647
Oklahoma,40,2011,4278286,5104353,2564558,256914,1827039,14031150,733743,0.025228179,-0.009490184
Oklahoma,40,2012,4278286,5092422,2568966,256429,1822471,14018574,747285,0.0181216,-0.000896291
Oklahoma,40,2013,4234162,5080736,2418704,241578,1722263,13697443,761228,0.018316457,-0.022907537
Oklahoma,40,2014,4216778,5080736,2514252,240576,1703328,13755670,782886,0.027664309,0.004250939
Oregon,41,2006,4134370,4301949,2196712,258464,1887846,12779341,653847,0.066202032,-0.006702153
Oregon,41,2007,4142272,4451246,2291632,258930,1888499,13032579,687777,0.049332851,0.019816202
Oregon,41,2008,4135569,4748147,2397548,254915,1864935,13401114,719979,0.044726305,0.028277979
Oregon,41,2009,4399453,5288538,2679984,254913,1879727,14502615,742573,0.030426638,0.082194734
Oregon,41,2010,4555027,5451950,2742235,254913,1881639,14885764,778672,0.0463597,0.026419304
Oregon,41,2011,4576322,5488400,2757513,254403,1880893,14957531,809533,0.038121979,0.004821184
Oregon,41,2012,4591896,5510920,2780085,253923,1908337,15045161,835895,0.031537454,0.005858587
Oregon,41,2013,4091730,5034431,2658943,239217,1820218,13844539,867154,0.036047807,-0.079801207
Oregon,41,2014,4074931,5508448,2809618,238225,1820805,14452027,907556,0.044517363,0.043879251
Pennsylvania,42,2006,17879977,21279716,8777372,1032740,8155894,57125699,2487309,0.059069058,-0.004765256
Pennsylvania,42,2007,17886160,21422581,8939272,1033098,8158716,57439827,2538296,0.020087098,0.005498891
Pennsylvania,42,2008,17885163,21479976,9019354,1018559,7650187,57053239,2582570,0.017143388,-0.006730313
Pennsylvania,42,2009,17930762,21544777,9858253,1018552,7582087,57934431,2650015,0.025450799,0.015445083
Pennsylvania,42,2010,17922902,21429838,9870666,1018552,7449148,57691106,2721825,0.026383033,-0.004200007
Pennsylvania,42,2011,17879977,21279716,9854900,1016515,7442187,57473295,2775373,0.019293983,-0.003775469
Pennsylvania,42,2012,17879977,21279716,9761855,1014597,7379177,57315322,2825147,0.017618198,-0.002748633
Pennsylvania,42,2013,17695572,21279716,9152573,955835,6876661,55960357,2899210,0.025545925,-0.023640537
Pennsylvania,42,2014,17622920,21279716,9517980,951872,6751748,56124236,2962353,0.02131515,0.002928484
Rhode Island,44,2006,1746341,1950184,906082,106594,777878,5487079,199678,0.067032923,-0.004532604
Rhode Island,44,2007,1749360,1983727,936395,106779,779224,5555485,200484,0.004020271,0.012466742
Rhode Island,44,2008,1749717,2039714,962745,105130,762013,5619319,203182,0.013278735,0.011490266
Rhode Island,44,2009,1795942,2158368,1065886,105130,766492,5891818,208143,0.023834575,0.048493243
Rhode Island,44,2010,1830190,2190101,1081558,105130,766267,5973246,211881,0.017641978,0.013820522
Rhode Island,44,2011,1827011,2186289,1079676,104920,764933,5962829,216603,0.021800252,-0.001743943
Rhode Island,44,2012,1823319,2181871,1077497,104722,763390,5950799,222491,0.026463992,-0.002017499
Rhode Island,44,2013,1728330,2068203,1021362,98657,723620,5640172,227811,0.023352691,-0.052199209
Rhode Island,44,2014,1721234,2169045,1071165,98248,720651,5780343,233796,0.02559924,0.024852256
South Carolina,45,2006,4791543,4787216,2545887,299548,2054360,14478554,778695,0.078558357,-0.007127044
South Carolina,45,2007,4815518,5174710,2664093,301014,2078850,15034185,812739,0.041887986,0.038376139
South Carolina,45,2008,4830324,5561393,2808192,295435,2102999,15598343,850312,0.04418731,0.037525014
South Carolina,45,2009,5183532,6231073,3157616,295433,2153600,17021254,883621,0.037696026,0.091221933
South Carolina,45,2010,5403971,6468058,3253319,295433,2180698,17601479,917839,0.037281048,0.034088264
South Carolina,45,2011,5479859,6572016,3301949,294842,2237296,17885962,952593,0.036483577,0.016162449
South Carolina,45,2012,5443562,6533039,3295711,294285,2184482,17751079,984840,0.03274339,-0.007541277
South Carolina,45,2013,4742125,5968512,3152280,277242,2104546,16244705,1022902,0.037209821,-0.084860982
South Carolina,45,2014,4722656,6522158,3326667,276092,2125724,16973297,1070183,0.044180294,0.044851045
South Dakota,46,2006,1746341,1919299,906082,106594,777878,5456194,145378,0.080651818,-0.00608098
South Dakota,46,2007,1749360,1983727,936395,106779,779224,5555485,150933,0.03680441,0.01819785
South Dakota,46,2008,1749717,2039714,962745,105130,762013,5619319,156518,0.035682797,0.011490266
South Dakota,46,2009,1795942,2158368,1065886,105130,766492,5891818,156487,-0.0001981,0.048493243
South Dakota,46,2010,1830190,2190101,1081558,105130,766267,5973246,160900,0.027426973,0.013820522
South Dakota,46,2011,1827011,2186289,1079676,104920,764933,5962829,168834,0.046992904,-0.001743943
South Dakota,46,2012,1823319,2181871,1077497,104722,763390,5950799,170250,0.008317181,-0.002017499
South Dakota,46,2013,1728330,2068203,1021362,98657,723620,5640172,177692,0.041881458,-0.052199209
South Dakota,46,2014,1721234,2169045,1071165,98248,720651,5780343,181704,0.022079866,0.024852256
Tennessee,47,2006,6760219,7154118,3591903,422621,2917811,20846672,1067781,0.066445273,-0.005904155
Tennessee,47,2007,6762557,7220639,3717397,422767,2918820,21042180,1116702,0.043808465,0.009378379
Tennessee,47,2008,6762180,7662786,3869277,416818,2926037,21637098,1159412,0.036837638,0.028272641
Tennessee,47,2009,7115319,8553255,4334389,416815,2980312,23400090,1191768,0.027149579,0.081480058
Tennessee,47,2010,7355714,8804116,4428315,416815,3005220,24010180,1240313,0.039139314,0.026072122
Tennessee,47,2011,7364949,8832811,4437831,415981,3033344,24084916,1272004,0.02491423,0.00311268
Tennessee,47,2012,7303508,8765235,4421784,415196,3006252,23911975,1310388,0.029292088,-0.007180469
Tennessee,47,2013,6690497,7942564,4194879,391150,2866541,22085631,1346235,0.026627595,-0.076377798
Tennessee,47,2014,6663028,8608241,4390687,389528,2863391,22914875,1386197,0.028828514,0.037546765
Texas,48,2006,20326073,20307718,10799838,1270703,8845016,61549348,3244467,0.070078999,-0.004505795
Texas,48,2007,20404314,21926281,11288293,1275458,8903184,63797530,3388681,0.042557561,0.036526496
Texas,48,2008,20331968,23336514,11783631,1253255,8949684,65655052,3528595,0.039651476,0.029115892
Texas,48,2009,21600611,25965881,13158293,1253246,9079495,71057526,3637110,0.029835501,0.082285732
Texas,48,2010,22369742,26774531,13467117,1253246,9149374,73014010,3817334,0.047212007,0.027533804
Texas,48,2011,22440012,26912390,13521475,1250740,9215393,73340010,3976025,0.039911972,0.004464897
Texas,48,2012,22531556,27041031,13641345,1248379,9176247,73638558,4122658,0.035567588,0.004070738
Texas,48,2013,20116440,24742235,13067653,1176078,8808631,67911037,4265826,0.033561613,-0.077778832
Texas,48,2014,20033849,27060605,13802428,1171202,8842879,70910963,4452722,0.041973427,0.044174351
Utah,49,2006,1866772,1962783,991871,116703,826957,5765086,309236,0.077707641,-0.000204985
Utah,49,2007,1903155,2045113,1052884,118965,844407,5964524,326488,0.052841146,0.034594107
Utah,49,2008,1927021,2218675,1120307,115101,866502,6247606,344220,0.051513567,0.047460954
Utah,49,2009,2077089,2496848,1265286,115100,889240,6843563,353286,0.025661928,0.095389658
Utah,49,2010,2184965,2615203,1315401,115100,911931,7142600,359467,0.017194902,0.043696098
Utah,49,2011,2181148,2615859,1314275,114870,910038,7136190,374570,0.040320901,-0.000897432
Utah,49,2012,2118857,2542925,1282826,114654,888363,6947625,385284,0.027808058,-0.026423764
Utah,49,2013,1847519,2332537,1231933,108013,852599,6372601,406768,0.052816347,-0.082765549
Utah,49,2014,1839934,2556342,1303878,107565,853564,6661283,426513,0.046294017,0.045300498
Vermont,50,2006,1746341,1919299,906082,106594,777878,5456194,116980,0.061224141,-0.00608098
Vermont,50,2007,1749360,1983727,936395,106779,779224,5555485,118524,0.013026898,0.01819785
Vermont,50,2008,1749717,2039714,962745,105130,762013,5619319,125105,0.052603813,0.011490266
Vermont,50,2009,1795942,2158368,1065886,105130,766492,5891818,127342,0.017566867,0.048493243
Vermont,50,2010,1830190,2190101,1081558,105130,766267,5973246,131777,0.033655342,0.013820522
Vermont,50,2011,1827011,2186289,1079676,104920,764933,5962829,136675,0.035836839,-0.001743943
Vermont,50,2012,1823319,2181871,1077497,104722,763390,5950799,142329,0.039724863,-0.002017499
Vermont,50,2013,1728330,2068203,1021362,98657,723620,5640172,148810,0.043552181,-0.052199209
Vermont,50,2014,1721234,2169045,1071165,98248,720651,5780343,151361,0.016853747,0.024852256
Virginia,51,2006,7864960,7857858,4178884,491685,3391865,23785252,1238524,0.057218915,-0.007744972
Virginia,51,2007,7881987,8469908,4360557,492697,3393038,24598187,1295052,0.043649213,0.034178112
Virginia,51,2008,7867241,8920723,4504465,484934,3376011,25153374,1341091,0.034329512,0.022570241
Virginia,51,2009,8246003,9912439,5023160,484930,3417589,27084121,1375436,0.024970264,0.076758967
Virginia,51,2010,8507855,10183122,5121931,484930,3437386,27735224,1436933,0.042797403,0.024040027
Virginia,51,2011,8499074,10192972,5121210,483960,3446280,27743496,1486900,0.033604815,0.000298249
Virginia,51,2012,8467596,10162304,5126561,483047,3445502,27685010,1534256,0.030865775,-0.002108098
Virginia,51,2013,7783845,9237708,4878911,455071,3290920,25646455,1574303,0.025437924,-0.073633891
Virginia,51,2014,7751887,10058787,5130546,453184,3301214,26695618,1633947,0.03650302,0.040908695
Washington,53,2006,6450052,6444227,3427102,403231,2851120,19575732,1038082,0.071926881,-0.005574366
Washington,53,2007,6488056,6972003,3589392,405563,2852106,20307120,1094674,0.051697583,0.037361975
Washington,53,2008,6460393,7438172,3755860,397694,2850212,20902331,1126487,0.028240894,0.029310459
Washington,53,2009,6927144,8327051,4219760,397692,2883863,22755510,1162478,0.030960586,0.088658963
Washington,53,2010,7172705,8585070,4318139,397692,2894555,23368161,1219764,0.046964823,0.026923194
Washington,53,2011,7221988,8661357,4351688,396896,2900557,23532486,1277312,0.045053988,0.007032004
Washington,53,2012,7217466,8661973,4369691,396147,2923761,23569038,1329565,0.039300824,0.001553257
Washington,53,2013,6383529,7951293,4199488,373204,2807974,21715488,1373911,0.0322772,-0.07864343
Washington,53,2014,6357321,8686777,4430744,371656,2808735,22655233,1422823,0.034376729,0.043275334
West Virginia,54,2006,2773538,3305947,1319658,155270,1113536,8667949,377447,0.039809563,-0.006257018
West Virginia,54,2007,2774497,3328142,1346993,155324,1113921,8718877,382254,0.012575408,0.005875438
West Virginia,54,2008,2774342,3337059,1364576,153138,1082369,8711484,397730,0.038910819,-0.00084793
West Virginia,54,2009,2781416,3347126,1494599,153137,1082333,8858611,402217,0.01115567,0.016888856
West Virginia,54,2010,2780196,3329269,1505721,153137,1073857,8842180,425017,0.053644913,-0.001854805
West Virginia,54,2011,2773538,3305947,1494917,152831,1067786,8795019,433125,0.018719769,-0.005333639
West Virginia,54,2012,2773538,3305947,1527382,152542,1079225,8838634,446645,0.030270125,0.004959057
West Virginia,54,2013,2744933,3305947,1431503,143708,1008212,8634303,449646,0.006674139,-0.023117939
West Virginia,54,2014,2733663,3305947,1491504,143112,997669,8671895,459791,0.022064373,0.004353797
Wisconsin,55,2006,6390390,7586993,3373301,396901,2993725,20741310,974028,0.057027108,-0.008147738
Wisconsin,55,2007,6392600,7637929,3471427,397038,2994761,20893755,1008371,0.034057901,0.007349825
Wisconsin,55,2008,6392244,7658393,3536783,391451,2869624,20848495,1027630,0.018741181,-0.002166198
Wisconsin,55,2009,6429923,7729347,3916871,391448,2887829,21355418,1060472,0.030969229,0.024314609
Wisconsin,55,2010,6566139,7859067,3952972,391448,2861507,21631133,1088201,0.025481506,0.012910775
Wisconsin,55,2011,6539594,7842960,3940504,390666,2853414,21567138,1133891,0.040294878,-0.002958467
Wisconsin,55,2012,6509748,7812612,3941216,389928,2887461,21540965,1168256,0.029415642,-0.001213559
Wisconsin,55,2013,6324483,7586993,3726193,367345,2709247,20714261,1202202,0.028236519,-0.038378225
Wisconsin,55,2014,6298516,7687478,3921045,365822,2688849,20961710,1242638,0.03254045,0.011945828
Wyoming,56,2006,1746341,1919299,906082,106594,777878,5456194,88965,0.034103299,-0.00608098
Wyoming,56,2007,1749360,1983727,936395,106779,779224,5555485,91048,0.022878042,0.01819785
Wyoming,56,2008,1749717,2039714,962745,105130,762013,5619319,93394,0.025119387,0.011490266
Wyoming,56,2009,1795942,2158368,1065886,105130,766492,5891818,95227,0.019248742,0.048493243
Wyoming,56,2010,1830190,2190101,1081558,105130,766267,5973246,101637,0.063067584,0.013820522
Wyoming,56,2011,1827011,2186289,1079676,104920,764933,5962829,104667,0.028948952,-0.001743943
Wyoming,56,2012,1823319,2181871,1077497,104722,763390,5950799,111143,0.058267277,-0.002017499
Wyoming,56,2013,1728330,2068203,1021362,98657,723620,5640172,115774,0.040000346,-0.052199209
Wyoming,56,2014,1721234,2169045,1071165,98248,720651,5780343,120582,0.039873281,0.024852256
US Total,US,2006,342456229,376734331,177735950,20912128,152757916,1070596554,50760080,0.059103788,-0.006162067
US Total,US,2007,343035636,389191105,183656189,20947541,153013912,1089844383,52455067,0.032313122,0.017978602
US Total,US,2008,343126381,400019609,188789272,20624982,149575848,1102136092,54087228,0.030176459,0.011278407
US Total,US,2009,352035418,423042770,209001235,20624841,150402319,1155106583,55526032,0.025912242,0.048061661
US Total,US,2010,358703569,429209681,212066095,20624841,150321009,1170925195,57512803,0.034544847,0.013694504
US Total,US,2011,358049207,428416509,211676511,20583591,150008285,1168734103,59275916,0.029744171,-0.001871248
US Total,US,2012,357605672,427882662,211405279,20544739,149800281,1167238633,61105407,0.02993992,-0.001279564
US Total,US,2013,338924306,405835683,200407871,19354872,141973448,1106496180,62892590,0.028416432,-0.052039447
US Total,US,2014,337532792,425518338,210210751,19274622,141372773,1133909276,64983201,0.032171561,0.024774687
